Role,Knowledge,Skills,Abilities,Competencies
Accountant,Financial Accounting Principles,Analytical Thinking,Numeracy Skills,Ensures Accountability
,Taxation Laws and Regulations,Attention to Detail,Adaptability,Manages Complexity
,Financial Reporting Standards,Problem-solving,Time Management,Manages Ambiguity
,Audit Procedures,Communication,Analytical Ability,Communicates Effectively
,Budgeting and Forecasting,Time Management,Attention to Detail,Instills Trust
Administrative Assistant,Office Administration,Organization,Adaptability,Communicates Effectively
,Calendar Management,Time Management,Prioritization,Ensures Accountability
,Correspondence Management,Communication,Problem-solving,Customer Focus
,Database Management,Computer Skills,Stress Management,Interpersonal Savvy
,Travel Arrangements,Attention to Detail,Resilience,Collaborates
Advisor,K-12 Educational Knowledge,Communication,Adaptability,Manages Complexity
,Subject Matter Expertise,Analytical Thinking,Time Management,Interpersonal Savvy
,Policies and Regulations,Problem-solving,Active Listening,Builds Networks
,Strategic Planning or Change Management,Collaboration,Conflict Resolution,Instills Trust
,Data Analysis and Evidence-Based Practices,Interpersonal Skills,Negotiation,Values Differences
Agent,Industry Regulations,Sales Techniques,Adaptability,Persuades
,Product Knowledge,Communication,Resilience,Ensures Accountability
,Client Relationship Management,Problem-solving,Time Management,Builds Networks
,Market Analysis,Negotiation,Assertiveness,Collaborates
,Contract Negotiation,Active Listening,Flexibility,Instills Trust
Aide,Curriculum Familiarity,Compassion,Adaptability,Interpersonal Savvy
,Teamwork and Collaboration,Communication,Time Management,Collaborates
,Cultural Sensitivity,Problem-solving,Stress Management,Ensures Accountability
,Child Development,Organization,Resilience,Values Differences
,Safety Protocols,Interpersonal Skills,Emotional Intelligence,Instills Trust
Analyst,Data Analysis,Analytical Thinking,Problem-solving,Manages Ambiguity
,Market Research Methods,Communication,Adaptability,Communicates Effectively
,Financial Modeling,Critical Thinking,Time Management,Ensures Accountability
,Statistical Analysis,Teamwork,Resilience,Decision Quality
,Industry Trends,Attention to Detail,Creativity,Collaborates
Architect (Facility-Focused),Architectural design principles and building codes,Design and visualization,Spatial reasoning,Communicates Effectively
,"Construction materials, methods, and sustainability",Project planning and management,Creativity,Collaborates
,"Structural, mechanical, and electrical systems",Technical drawing and specification writing,Attention to detail,Cultivates Innovation
,"Zoning, permitting, and regulatory compliance",Problem-solving and critical thinking,Analytical ability,Resourcefulness
,"Environmental design and accessibility standards (ADA, LEED, etc.)","Coordination with engineers, contractors, and clients",Time management,"Drives Vison and Purpose; 
Resourcefulness;
Action Oriented;
Plans and Aligns"
Architect (Technology-Focused),System Architecture,Problem-solving,Analytical Ability,Communicates Effectively
,Programming Languages,Coding Skills,Adaptability,Collaborates
,Software Development Methodologies,Critical Thinking,Time Management,Tech Savvy
,Database Design,Attention to Detail,Logical Reasoning,Cultivates Innovation
,Cybersecurity Practices,Troubleshooting,Creativity,"Drives Vison and Purpose; 
Resourcefulness;
Action Oriented;
Develops Talent"
Associate,Industry-specific Knowledge,Communication,Adaptability,Manages Complexity
,Project Management,Time Management,Critical Thinking,Collaborates
,Client Relationship Management,Problem-solving,Interpersonal Skills,Communicates Effectively
,Data Analysis,Analytical Thinking,Attention to Detail,Decision Quality
,Regulatory Compliance,Teamwork,Resilience,Instills Trust
Assistant,Administrative Procedures,Organization,Adaptability,Communicates Effectively
,Calendar Management,Time Management,Prioritization,Manages Complexity
,Correspondence Management,Communication,Problem-solving,Customer Focus
,Database Management,Computer Skills,Stress Management,Interpersonal Savvy
,Travel Arrangements,Attention to Detail,Resilience,Collaborates
Assistant Principal,School Operations and Procedures,Communication,Adaptability,Ensures Accountability; Action Oriented; Builds Effective Teams; Collaborates
,Instructional Practices and Student Support Strategies,Strategic Execution,Decision-making,Demonstrates Self-Awareness
,Behavior Management and Student Discipline,Problem-solving,Resilience,Manages Conflict
,"Education Law, Compliance, and Safety Protocols",Staff Supervision and Support,Time Management,Instills Trust
,Data Analysis and Progress Monitoring,Conflict Resolution,Interpersonal Skills,Cultural Intelligence
Auditor,Audit Procedures,Analytical Thinking,Problem-solving,Ensures Accountability
,Financial Reporting Standards,Attention to Detail,Adaptability,Manages Ambiguity
,Risk Assessment,Communication,Time Management,Communicates Effectively
,Regulatory Compliance,Teamwork,Resilience,Instills Trust
,Data Analysis,Decision-making,Analytical Ability,Situational Adapability
Buyer,Supply Chain Management Principles,Negotiation,Analytical Ability,Decision Quality
,Market Trends,Relationship Building,Adaptability,Communicates Effectively
,Procurement Processes and Regulations,Strategic Sourcing,Strategic Thinking,Manages Ambiguity
,Vendor Management,Contract Negotiation,Problem-solving,Collaborates
,Inventory Management Systems,Data Analysis,Resilience,Demonstrates Self-Awareness
Cashier,Point of Sale Systems,Customer Service,Numeracy Skills,Situational Adapability
,Cash Handling Procedures,Communication,Attention to Detail,Manages Complexity
,Product Knowledge,Conflict Resolution,Time Management,Interpersonal Savvy
,Sales Techniques,Prioritization,Resilience,Demonstrates Self-Awareness
,Complaint Handling,Stress Management,Adaptability,Customer Focus
Chef,Culinary Techniques,Food Safety,Hand-eye Coordination,Cultivates Innovation
,Menu Planning,Time Management,Physical Stamina,Situational Adapability
,Ingredient Knowledge,Attention to Detail,Manual Dexterity,Manages Complexity
,Kitchen Management,Communication,Leadership,Collaborates
,Cooking Methods,Organization,Adaptability,Being Resilient
Chief,Strategic Planning,Leadership,Visionary Thinking,Decision Quality
,Financial Management,Communication,Resilience,Manages Complexity
,Industry Expertise,Conflict Resolution,Adaptability,"Balances Stakeholders;
Drives Engagement"
,Change Management,Strategic Thinking,Collaboration,Demonstrates Self-Awareness
,Crisis Management,Decision-making,Interpersonal Skills,Cultural Intelligence
Clerk,Data Entry,Organizational Skills,Numeracy Skills,Ensures Accountability
,Filing Systems,Time Management,Adaptability,Manages Complexity
,Record-keeping Practices,Communication,Prioritization,Collaborates
,Customer Service,Attention to Detail,Fortitude,Demonstrates Self-Awareness
,Computer Skills,Problem-solving,Adaptability,Being Resilient
Coach,Goal Setting and Planning: ,Communication,Leadership,Situational Adapability
,Academic and Pedagogical Expertise,Motivation,Resilience,Demonstrates Self-Awareness
,Learning Strategies and Techniques,Problem-solving,Adaptability,Collaborates
,Teamwork and Collaboration,Decision-making,Conflict Resolution,Interpersonal Savvy
,Performance Evaluation,Planning and Organization,Flexibility,Communicates Effectively
Coordinator,Project Management,Organizational Skills,Time Management,"Drives Vison and Purpose; 
Resourcefulness;
Action Oriented;
Develops Talent"
,Task Delegation,Communication,Adaptability,Collaborates
,Team Coordination,Problem-solving,Interpersonal Skills,Decision Quality
,Budget Management,Negotiation,Resilience,Manages Conflict
,Resource Allocation,Strategic Planning,Critical Thinking,Demonstrates Self-Awareness
Counselor,Counseling Techniques,Communication,Empathy,Manages Complexity
,Education Law and Regulations,Active Listening,Adaptability,Decision Quality
,Mental Health Awareness,Conflict Resolution,Time Management,Being Resilient
,Career Development,Decision-making,Cultural Sensitivity,Demonstrates Self-Awareness
,Crisis Intervention,Assessment Skills,Interpersonal Skills,Collaborates
Dean,Academic Administration,Leadership,Strategic Thinking,Decision Quality
,Curriculum Development,Communication,Visionary Thinking,Manages Complexity
,Faculty Management,Conflict Resolution,Resilience,"Balances Stakeholders;
Drives Engagement"
,Student Affairs,Team Building,Adaptability,Demonstrates Self-Awareness
,Budget Management,Problem-solving,Interpersonal Skills,Cultural Intelligence
Designer,Design Principles,Creativity,Visual Learning,Manages Complexity
,Adobe Creative Suite,Attention to Detail,Spatial Reasoning,Situational Adapability
,User Experience Design,Communication,Attention to Detail,Cultivates Innovation
,Prototyping,Critical Thinking,Time Management,Collaborates
,Branding Strategies,Problem-solving,Adaptability,Decision Quality
Developer,Programming Languages,Problem-solving,Analytical Ability,Tech Savvy
,Web Development,Attention to Detail,Logical Reasoning,Situational Adapability
,Database Management,Communication,Creativity,Collaborates
,Software Engineering,Time Management,Technical Skills,Manages Complexity
,Version Control Systems,Teamwork,Resilience,Cultivates Innovation
Director,Strategic Planning,Leadership,Visionary Thinking,"Decision Quality;
Drives Vison and Purpose; 
Resourcefulness;
Action Oriented;
Develops Talent"
,Financial Management,Communication,Resilience,Manages Complexity
,Project Management,Conflict Resolution,Adaptability,"Balances Stakeholders;
Drives Engagement"
,Change Management,Strategic Thinking,Collaboration,Demonstrates Self-Awareness
,Crisis Management,Decision-making,Interpersonal Skills,Cultural Intelligence
Dispatcher,Dispatching Procedures,Communication,Spatial Awareness,Manages Complexity
,Emergency Response,Prioritization,Time Management,Situational Adapability
,Geographic Knowledge,Decision-making,Resilience,Collaborates
,Radio Communication,Stress Management,Critical Thinking,Manages Conflict
,Resource Allocation,Problem-solving,Adaptability,Resourcefulness
Driver,Defensive Driving Techniques,Spatial Awareness,Manual Dexterity,Situational Adapability
,Traffic Laws and Regulations,Communication,Time Management,Manages Complexity
,Route Planning,Decision-making,Fortitude,Customer Focus
,Vehicle Maintenance,Problem-solving,Continuous Learning,Being Resilient
,GPS Navigation,Route Planning,Spatial Reasoning,Ensures Accountability
Engineer,Engineering Principles,Problem-solving,Analytical Ability,Manages Ambiguity
,Technical Drawing,Communication,Spatial Awareness,Situational Adapability
,Computer-Aided Design,Attention to Detail,Logical Reasoning,Collaborates
,Systems Analysis,Time Management,Creativity,Manages Complexity
,Risk Assessment,Decision-making,Resilience,Cultivates Innovation
Executive Director,Strategic Planning,Leadership,Visionary Thinking,"Decision Quality;
Drives Vison and Purpose; 
Resourcefulness;
Action Oriented;
Develops Talent"
,Financial Management,Communication,Resilience,Manages Complexity
,Project Management,Conflict Resolution,Adaptability,"Balances Stakeholders;
Drives Engagement"
,Change Management,Strategic Thinking,Collaboration,"Demonstrates Self-Awareness; 
Organizational Savvy; 
Builds Effective Teams"
,Risk Assessment,Decision-making,Interpersonal Skills,Cultural Intelligence
Executive Officer,Strategic Planning,Leadership,Visionary Thinking,"Decision Quality;
Drives Vison and Purpose; 
Resourcefulness;
Action Oriented;
Develops Talent"
,Financial Management,Communication,Resilience,Manages Complexity
,Project Management,Conflict Resolution,Adaptability,"Balances Stakeholders;
Drives Engagement;
Drives Results;
Organizational Savvy; 
Builds Effective Teams"
,Change Management,Strategic Thinking,Collaboration,"Demonstrates Self-Awareness;
Strategic Mindset"
,Crisis Management,Decision-making,Interpersonal Skills,Cultural Intelligence
Facilitator,Facilitation Techniques,Communication,Adaptability,"Drives Vison and Purpose; 
Resourcefulness;
Action Oriented;
Develops Talent"
,Conflict Resolution,Active Listening,Emotional Intelligence,Collaborates
,Group Dynamics,Problem-solving,Time Management,Decision Quality
,Meeting Management,Collaboration,Empathy,Cultural Intelligence
,Diversity and Inclusion,Organizational Skills,Resilience,Communicates Effectively
Foreman,Construction Techniques,Leadership,Spatial Awareness,Manages Complexity
,Safety Regulations,Communication,Manual Dexterity,Situational Adapability
,Project Management,Team Management,Time Management,Manages Conflict
,Equipment Operation,Decision-making,Adaptability,Manages Ambiguity
,Building Codes and Standards,Problem-solving,Resilience,Decision Quality
Instructor,Subject Matter Expertise,Teaching Methodologies,Adaptability,Communicates Effectively
,Pedagogical Knowledge,Presentation Skills,Empathy,Resourcefulness
,Curriculum Development,Classroom Management,Patience,Collaborates
,Assessment Techniques,Problem-solving,Time Management,Manages Ambiguity
,Educational Technology,Active Listening,Creativity,Demonstrates Self-Awareness
Intern,Industry Insights,Communication,Adaptability,Nimble Learning
,Networking,Time Management,Resilience,Drives Results
,Research Methods,Problem-solving,Critical Thinking,Collaborates
,Data Analysis,Organizational Skills,Attention to Detail,Communicates Effectively
,Professionalism,Initiative,Emotional Intelligence,Cultural Intelligence
Interpreter,Customer Service,Interpreting Skills,Cultural Awareness,Situational Adapability
,Language Proficiency,Communication,Empathy,Communicates Effectively
,Translation Techniques,Critical Thinking,Time Management,Manages Complexity
,Cross-cultural Communication,Resilience,Conflict Resolution,Collaborates
,Subject Matter Knowledge,Diplomacy,Flexibility,Demonstrates Self-Awareness
Liaison,Relationship Building,Communication,Diplomacy,Situational Adapability
,Negotiation,Problem-solving,Empathy,Collaborates
,Conflict Resolution,Active Listening,Cultural Awareness,Manages Ambiguity
,Networking,Time Management,Resilience,Demonstrates Self-Awareness
,Cross-cultural Communication,Decision-making,Flexibility,Communicates Effectively
Librarian,Information Management,Research Skills,Adaptability,Manages Complexity
,Cataloging Systems,Communication,Attention to Detail,Directs Work
,Reference Services,Customer Service,Time Management,Collaborates
,Digital Literacy,Interpersonal Skills,Patience,Tech Savvy
,Collection Development,Problem-solving,Empathy,Decision Quality
Mechanic,Automotive Technology,Mechanical Skills,Spatial Awareness,Manages Complexity
,Diagnostic Techniques,Communication,Manual Dexterity,Situational Adapability
,Repair and Maintenance,Problem-solving,Attention to Detail,Customer Focus
,Equipment Operation,Time Management,Resilience,Manages Complexity
,Safety Procedures,Analytical Thinking,Adaptability,Decision Quality
Manager,Strategic Planning,Leadership,Adaptability,Decision Quality
,Team Management,Communication,Emotional Intelligence,Collaborates
,Financial Management,Problem-solving,Resilience,Manages Ambiguity
,Project Management,Conflict Resolution,Time Management,Cultivates Innovation
,Change Management,Decision-making,Interpersonal Skills,Cultural Intelligence
Monitor,Performance Evaluation,Observation Skills,Adaptability,Manages Complexity
,Data Analysis,Communication,Attention to Detail,Manages Ambiguity
,Compliance Monitoring,Critical Thinking,Time Management,Being Resilient
,Quality Assurance,Problem-solving,Persistence,Collaborates
,Risk Assessment,Analytical Thinking,Decision-making,Communicates Effectively
Officer,Law Enforcement Procedures,Communication,Adaptability,Manages Complexity
,Crisis Management,Conflict Resolution,Resilience,Decision Quality
,Patrol Techniques,Decision-making,Attention to Detail,Demonstrates Self-Awareness
,Investigation Methods,Leadership,Physical Stamina,Interpersonal Savvy
,Legal Knowledge,Critical Thinking,Empathy,Communicates Effectively
Operator,Equipment Operation,Technical Skills,Spatial Awareness,Manages Complexity
,Machinery Maintenance,Communication,Manual Dexterity,Situational Adapability
,Production Processes,Problem-solving,Attention to Detail,Manages Ambiguity
,Safety Procedures,Time Management,Resilience,Decision Quality
,Quality Control,Analytical Thinking,Adaptability,Manages Complexity
Paraprofessional,Education Laws and Regulations,Communication,Adaptability,Interpersonal Savvy
,Special Education Techniques,Problem-solving,Patience,Collaborates
,Individualized Education Plans,Active Listening,Time Management,Persuades
,Student Assessment Methods,Interpersonal Skills,Organizational Skills,Values Differences
,Classroom Management,Emotional Intelligence,Flexibility,Communicates Effectively
Budget Partner,Financial Management,Budgeting Skills,Analytical Thinking,Decision Quality
,Forecasting,Communication,Adaptability,Manages Complexity
,Resource Allocation,Collaboration,Time Management,Financial Acumen
,Cost Analysis,Problem-solving,Attention to Detail,Persuades
,Risk Management,Strategic Thinking,Resilience,Manages Ambiguity
Pathologist (Speech-Language Focused),Speech and language development,Assessment and evaluation techniques,"Build rapport with students, families, and colleagues",Collaborates
,Special education laws and regulations,Individualized treatment planning,Empathize with and support diverse student needs,Manages Ambiguity
,Educational and clinical documentation requirements,Counseling and guidance (students and families),Adapt interventions to individual strengths and challenges,Values Differences
,Communication disorders and treatment methods,"Collaboration with teachers, administrators, and healthcare providers",Analyze complex information and determine root causes,Communicates Effectively
,Assistive communication technologies,Training and coaching skills for staff,Maintain attention to detail in assessments and plans,Ensures Accountability
Principal,Educational Leadership,Communication,Adaptability,"Drives Vison and Purpose; 
Resourcefulness;
Action Oriented;
Develops Talent"
,School Administration,Strategic Planning,Decision-making,Demonstrates Self-Awareness
,Curriculum Development,Problem-solving,Resilience,Manages Conflict
,Education Law and Regulations,Team Management,Time Management,Collaborates
,Student Assessment Methods,Conflict Resolution,Interpersonal Skills,Cultural Intelligence
Psychologist,Psychology,Counseling Techniques,Empathy,Communicates Effectively
,Child Development,Assessment Skills,Adaptability,Demonstrates Self-Awareness
,Mental Health Disorders,Crisis Intervention,Resilience,Manages Complexity
,Behavior Management,Communication,Active Listening,Collaborates
,Special Education Laws and Regulations,Time Management,Organization,"Demonstrates Self-Awareness;
Decision Quality"
Receptionist,Telephone Etiquette,Communication,Adaptability,Customer Focus
,Front Desk Operations,Organizational Skills,Time Management,Manages Complexity
,Calendar Management,Interpersonal Skills,Attention to Detail,Communicates Effectively
,Data Entry,Prioritization,Stress Management,Manages Conflict
,Computer Skills,Customer Service,Resilience,Values Differences
Registrar,Student Records Management,Organizational Skills,Attention to Detail,Communicates Effectively
,Enrollment Procedures,Data Management,Time Management,Situational Adapability
,Academic Regulations,Problem-solving,Interpersonal Skills,Customer Focus
,Graduation Requirements,Conflict Resolution,Adaptability,Collaborates
,Transcript Processing,Communication,Resilience,Manages Ambiguity
Representative,School Facilities and Resources,Active Listening,Adaptability,Communicates Effectively
,Conflict Resolution Techniques,Negotiation Skills,Relationship Building,Manages Complexity
,Student Support Services,Presentation Skills,Time Management,Collaborates
,Parent and Guardian Engagement,Problem-solving,Resilience,Persuades
,Cultural Sensitivity and Diversity Awareness,Networking,Adaptability,Cultural Intelligence
Secretary,Administrative Procedures,Communication,Attention to Detail,Directs Work
,Calendar Management,Time Management,Prioritization,Situational Adapability
,Record-keeping,Data Entry,Stress Management,Manages Complexity
,Correspondence,Organizational Skills,Adaptability,Manages Ambiguity
,Meeting Scheduling,Problem-solving,Resilience,Communicates Effectively
Skilled Laborer,Trade-specific Knowledge,Technical Skills,Physical Strength,Situational Adapability
,Safety Procedures,Problem-solving,Manual Dexterity,Ensures Accountability
,Equipment Operation,Time Management,Spatial Awareness,Customer Focus
,Construction Techniques,Communication,Resilience,Collaborates
,Material Handling,Adaptability,Flexibility,Manages Complexity
Social Worker,Social Services Policies and Procedures,Counseling Techniques,Empathy,Communicates Effectively
,Case Management,Problem-solving,Adaptability,Demonstrates Self-Awareness
,Crisis Intervention,Communication,Resilience,Manages Conflict
,Client Assessment,Advocacy Skills,Time Management,Collaborates
,Child Welfare Laws and Regulations,Active Listening,Organizational Skills,Values Differences
Specialist,Subject Matter Expertise,Research Skills,Adaptability,Manages Complexity
,Industry-specific Knowledge,Analytical Thinking,Critical Thinking,Communicates Effectively
,Specialized Training,Problem-solving,Attention to Detail,Collaborates
,Advanced Technical Skills,Communication,Creativity,Tech Savvy
,Regulatory Compliance,Time Management,Resilience,Cultural Intelligence
Supervisor,Team Management,Leadership,Adaptability,Decision Quality
,Performance Evaluation,Communication,Conflict Resolution,Demonstrates Self-Awareness
,Training and Development,Problem-solving,Resilience,Collaborates
,Project Management,Time Management,Critical Thinking,Manages Complexity
,Staff Development,Coaching,Interpersonal Skills,Cultural Intelligence
Teacher,Subject Matter Expertise,Classroom Management,Adaptability,Communicates Effectively
,Pedagogical Techniques,Lesson Planning,Patience,Directs Work
,Student Assessment Methods,Problem-solving,Resilience,Plans and Aligns
,Curriculum Development,Communication,Flexibility,Manages Complexity
,Differentiated Instruction,Active Listening,Organization,Collaborates
Technician,Technical Expertise,Troubleshooting,Analytical Thinking,Manages Complexity
,Equipment Maintenance,Technical Skills,Adaptability,Communicates Effectively
,Diagnostic Techniques,Attention to Detail,Manual Dexterity,Manages Ambiguity
,Repair and Restoration,Problem-solving,Time Management,Collaborates
,Safety Procedures,Communication,Resilience,Situational Adapability
Therapist,Therapy Techniques,Active Listening,Empathy,Communicates Effectively
,Mental Health Disorders,Counseling Skills,Adaptability,Demonstrates Self-Awareness
,Treatment Planning,Problem-solving,Resilience,Manages Conflict
,Client Assessment,Time Management,Patience,Collaborates
,Therapy Modalities,Crisis Intervention,Decision-making,Values Differences
Trainer,Training Design,Presentation Skills,Adaptability,Communicates Effectively
,Adult Learning Theory,Training Delivery,Empathy,Manages Complexity
,Curriculum Development,Interpersonal Skills,Organization,Resourcefulness
,Training Evaluation,Time Management,Resilience,Collaborates
,Instructional Technology,Problem-solving,Critical Thinking,Cultural Intelligence
Translator,Bilingual Proficiency,Translation Skills,Cultural Awareness,Situational Adapability
,Language Fluency,Interpretation Skills,Adaptability,Communicates Effectively
,Writing Skills,Communication,Resilience,Ensures Accountability
,Time Management,Problem-solving,Prioritization,Manages Ambiguity
,Subject Matter Knowledge,Active Listening,Creativity,Values Differences
Tutor,Subject Knowledge,Tutoring Techniques,Adaptability,Communicates Effectively
,Educational Strategies,Patience,Empathy,Manages Complexity
,Learning Styles,Communication,Organization,Collaborates
,Student Assessment Methods,Time Management,Flexibility,Manages Ambiguity
,Resourcefulness,Active Listening,Resilience,Values Differences
Worker,Industry-specific Knowledge,Technical Skills,Physical Stamina,Situational Adapability
,Safety Regulations,Communication,Manual Dexterity,Manages Complexity
,Equipment Operation,Problem-solving,Spatial Awareness,Manages Ambiguity
,Workflow Management,Time Management,Resilience,Collaborates
,Quality Control,Attention to Detail,Adaptability,Decision Quality
Writer,Writing Techniques,Creativity,Adaptability,Communicates Effectively
,Grammar and Style,Research Skills,Time Management,Manages Complexity
,Editing and Proofreading,Communication,Attention to Detail,Collaborates
,Content Development,Critical Thinking,Resilience,Values Differences
,Audience Analysis,Problem-solving,Flexibility,Demonstrates Self-Awareness
